Mach,Angle (deg),M2,rho2/rho1,p2/p1,T2/T1
2.0,14.829238941980538,1.427,1.6792163543441228,2.1432025660004936,1.2762666666666667
